Workbook

Sheet Tổng hợp
A1: TỔNG HỢP KẾT QUẢ KIỂM THỬ – HỆ THỐNG QUẢN LÝ ĐẶT PHÒNG KHÁCH SẠN
A2: Đề tài CNJ46 – Nhóm 9 – Sinh viên: Nguyễn Quốc Hoàn (20230221). Số liệu bảng dưới được tính bằng công thức từ các sheet Unit Test, Integration Test, System Test.
A4: Cấp kiểm thử | B4: Module | C4: Số test case | D4: Pass lần đầu | E4: Fail lần đầu | F4: Tỷ lệ Pass lần đầu | G4: Pass sau khắc phục | H4: Tỷ lệ Pass sau khắc phục
A5: Kiểm thử đơn vị (Unit Test) | B5: Đăng ký & Đăng nhập (Xác thực, phân quyền) | C5: =COUNTIFS('Unit Test'!$B:$B,$B5) -> 25 | D5: =COUNTIFS('Unit Test'!$B:$B,$B5,'Unit Test'!$G:$G,"Pass") -> 25 | E5: =C5-D5 -> 0 | F5: =IF(C5=0,0,D5/C5) -> 1 | G5: =COUNTIFS('Unit Test'!$B:$B,$B5,'Unit Test'!$H:$H,"Pass") -> 25 | H5: =IF(C5=0,0,G5/C5) -> 1
B6: Đặt phòng — Logic nghiệp vụ (BookingService) | C6: =COUNTIFS('Unit Test'!$B:$B,$B6) -> 308 | D6: =COUNTIFS('Unit Test'!$B:$B,$B6,'Unit Test'!$G:$G,"Pass") -> 308 | E6: =C6-D6 -> 0 | F6: =IF(C6=0,0,D6/C6) -> 1 | G6: =COUNTIFS('Unit Test'!$B:$B,$B6,'Unit Test'!$H:$H,"Pass") -> 308 | H6: =IF(C6=0,0,G6/C6) -> 1
B7: Phòng, Loại phòng, Combo & Mã giảm giá | C7: =COUNTIFS('Unit Test'!$B:$B,$B7) -> 136 | D7: =COUNTIFS('Unit Test'!$B:$B,$B7,'Unit Test'!$G:$G,"Pass") -> 134 | E7: =C7-D7 -> 2 | F7: =IF(C7=0,0,D7/C7) -> 0.98529412 | G7: =COUNTIFS('Unit Test'!$B:$B,$B7,'Unit Test'!$H:$H,"Pass") -> 136 | H7: =IF(C7=0,0,G7/C7) -> 1
B8: Tiện ích, bảo mật, khách hàng & tài khoản | C8: =COUNTIFS('Unit Test'!$B:$B,$B8) -> 105 | D8: =COUNTIFS('Unit Test'!$B:$B,$B8,'Unit Test'!$G:$G,"Pass") -> 105 | E8: =C8-D8 -> 0 | F8: =IF(C8=0,0,D8/C8) -> 1 | G8: =COUNTIFS('Unit Test'!$B:$B,$B8,'Unit Test'!$H:$H,"Pass") -> 105 | H8: =IF(C8=0,0,G8/C8) -> 1
B9: Chatbot tư vấn (ChatbotService) | C9: =COUNTIFS('Unit Test'!$B:$B,$B9) -> 53 | D9: =COUNTIFS('Unit Test'!$B:$B,$B9,'Unit Test'!$G:$G,"Pass") -> 53 | E9: =C9-D9 -> 0 | F9: =IF(C9=0,0,D9/C9) -> 1 | G9: =COUNTIFS('Unit Test'!$B:$B,$B9,'Unit Test'!$H:$H,"Pass") -> 53 | H9: =IF(C9=0,0,G9/C9) -> 1
B10: Kiểm tra dữ liệu đầu vào (DTO Validation) | C10: =COUNTIFS('Unit Test'!$B:$B,$B10) -> 167 | D10: =COUNTIFS('Unit Test'!$B:$B,$B10,'Unit Test'!$G:$G,"Pass") -> 167 | E10: =C10-D10 -> 0 | F10: =IF(C10=0,0,D10/C10) -> 1 | G10: =COUNTIFS('Unit Test'!$B:$B,$B10,'Unit Test'!$H:$H,"Pass") -> 167 | H10: =IF(C10=0,0,G10/C10) -> 1
A11: Cộng Unit Test | C11: =SUM(C5:C10) -> 794 | D11: =SUM(D5:D10) -> 792 | E11: =SUM(E5:E10) -> 2 | F11: =IF(C11=0,0,D11/C11) -> 0.99748111 | G11: =SUM(G5:G10) -> 794 | H11: =IF(C11=0,0,G11/C11) -> 1
A12: Kiểm thử tích hợp (Integration Test) | B12: Phân quyền truy cập, xác thực & CSRF | C12: =COUNTIFS('Integration Test'!$B:$B,$B12) -> 116 | D12: =COUNTIFS('Integration Test'!$B:$B,$B12,'Integration Test'!$G:$G,"Pass") -> 116 | E12: =C12-D12 -> 0 | F12: =IF(C12=0,0,D12/C12) -> 1 | G12: =COUNTIFS('Integration Test'!$B:$B,$B12,'Integration Test'!$H:$H,"Pass") -> 116 | H12: =IF(C12=0,0,G12/C12) -> 1
B13: Khách hàng: tìm phòng, đặt phòng, quản lý đơn, chatbot | C13: =COUNTIFS('Integration Test'!$B:$B,$B13) -> 120 | D13: =COUNTIFS('Integration Test'!$B:$B,$B13,'Integration Test'!$G:$G,"Pass") -> 116 | E13: =C13-D13 -> 4 | F13: =IF(C13=0,0,D13/C13) -> 0.96666667 | G13: =COUNTIFS('Integration Test'!$B:$B,$B13,'Integration Test'!$H:$H,"Pass") -> 120 | H13: =IF(C13=0,0,G13/C13) -> 1
B14: Quản trị: vòng đời đơn, phòng, danh mục, khách hàng | C14: =COUNTIFS('Integration Test'!$B:$B,$B14) -> 104 | D14: =COUNTIFS('Integration Test'!$B:$B,$B14,'Integration Test'!$G:$G,"Pass") -> 104 | E14: =C14-D14 -> 0 | F14: =IF(C14=0,0,D14/C14) -> 1 | G14: =COUNTIFS('Integration Test'!$B:$B,$B14,'Integration Test'!$H:$H,"Pass") -> 104 | H14: =IF(C14=0,0,G14/C14) -> 1
A15: Cộng Integration Test | C15: =SUM(C12:C14) -> 340 | D15: =SUM(D12:D14) -> 336 | E15: =SUM(E12:E14) -> 4 | F15: =IF(C15=0,0,D15/C15) -> 0.98823529 | G15: =SUM(G12:G14) -> 340 | H15: =IF(C15=0,0,G15/C15) -> 1
A16: Kiểm thử hệ thống (System Test) | B16: Giao diện, điều hướng & xử lý lỗi | C16: =COUNTIFS('System Test'!$B:$B,$B16) -> 63 | D16: =COUNTIFS('System Test'!$B:$B,$B16,'System Test'!$G:$G,"Pass") -> 58 | E16: =C16-D16 -> 5 | F16: =IF(C16=0,0,D16/C16) -> 0.92063492 | G16: =COUNTIFS('System Test'!$B:$B,$B16,'System Test'!$H:$H,"Pass") -> 63 | H16: =IF(C16=0,0,G16/C16) -> 1
B17: Xác thực, đăng ký & phân quyền (phiên đăng nhập thật) | C17: =COUNTIFS('System Test'!$B:$B,$B17) -> 50 | D17: =COUNTIFS('System Test'!$B:$B,$B17,'System Test'!$G:$G,"Pass") -> 50 | E17: =C17-D17 -> 0 | F17: =IF(C17=0,0,D17/C17) -> 1 | G17: =COUNTIFS('System Test'!$B:$B,$B17,'System Test'!$H:$H,"Pass") -> 50 | H17: =IF(C17=0,0,G17/C17) -> 1
B18: Chatbot tư vấn trên server thật | C18: =COUNTIFS('System Test'!$B:$B,$B18) -> 14 | D18: =COUNTIFS('System Test'!$B:$B,$B18,'System Test'!$G:$G,"Pass") -> 14 | E18: =C18-D18 -> 0 | F18: =IF(C18=0,0,D18/C18) -> 1 | G18: =COUNTIFS('System Test'!$B:$B,$B18,'System Test'!$H:$H,"Pass") -> 14 | H18: =IF(C18=0,0,G18/C18) -> 1
B19: Kịch bản đầu-cuối: đặt phòng → xác nhận → check-in → check-out | C19: =COUNTIFS('System Test'!$B:$B,$B19) -> 23 | D19: =COUNTIFS('System Test'!$B:$B,$B19,'System Test'!$G:$G,"Pass") -> 23 | E19: =C19-D19 -> 0 | F19: =IF(C19=0,0,D19/C19) -> 1 | G19: =COUNTIFS('System Test'!$B:$B,$B19,'System Test'!$H:$H,"Pass") -> 23 | H19: =IF(C19=0,0,G19/C19) -> 1
A20: Cộng System Test | C20: =SUM(C16:C19) -> 150 | D20: =SUM(D16:D19) -> 145 | E20: =SUM(E16:E19) -> 5 | F20: =IF(C20=0,0,D20/C20) -> 0.96666667 | G20: =SUM(G16:G19) -> 150 | H20: =IF(C20=0,0,G20/C20) -> 1
A21: TỔNG CỘNG | C21: =C11+C15+C20 -> 1284 | D21: =D11+D15+D20 -> 1273 | E21: =E11+E15+E20 -> 11 | F21: =IF(C21=0,0,D21/C21) -> 0.99143302 | G21: =G11+G15+G20 -> 1284 | H21: =IF(C21=0,0,G21/C21) -> 1
A23: Tổng hợp theo đợt kiểm thử
A24: Đợt kiểm thử | B24: Nội dung | C24: Số test case | D24: Pass lần đầu | E24: Fail lần đầu | F24: Tỷ lệ Pass lần đầu | G24: Pass sau khắc phục | H24: Tỷ lệ Pass sau khắc phục
A25: Đợt 1 (02/10/2026) | B25: 119 Unit, 40 Integration, 20 System (curl); khắc phục BUG-01 → BUG-04 | C25: =COUNTIFS('Unit Test'!$I:$I,"Đợt 1")+COUNTIFS('Integration Test'!$I:$I,"Đợt 1")+COUNTIFS('System Test'!$I:$I,"Đợt 1") -> 179 | D25: =COUNTIFS('Unit Test'!$I:$I,"Đợt 1",'Unit Test'!$G:$G,"Pass")+COUNTIFS('Integration Test'!$I:$I,"Đợt 1",'Integration Test'!$G:$G,"Pass")+COUNTIFS('System Test'!$I:$I,"Đợt 1",'System Test'!$G:$G,"Pass") -> 173 | E25: =C25-D25 -> 6 | F25: =IF(C25=0,0,D25/C25) -> 0.96648045 | G25: =COUNTIFS('Unit Test'!$I:$I,"Đợt 1",'Unit Test'!$H:$H,"Pass")+COUNTIFS('Integration Test'!$I:$I,"Đợt 1",'Integration Test'!$H:$H,"Pass")+COUNTIFS('System Test'!$I:$I,"Đợt 1",'System Test'!$H:$H,"Pass") -> 179 | H25: =IF(C25=0,0,G25/C25) -> 1
A26: Đợt 2 (04/10/2026) | B26: Chạy tự động toàn bộ bộ test bằng mvn test (gồm chạy lại 159 TC JUnit đợt 1); khắc phục BUG-06, BUG-07, CFG-01 | C26: =COUNTIFS('Unit Test'!$J:$J,"<>Kiểm thử HTTP thật bằng curl",'Unit Test'!$A:$A,"??-*")+COUNTIFS('Integration Test'!$J:$J,"<>Kiểm thử HTTP thật bằng curl",'Integration Test'!$A:$A,"??-*")+COUNTIFS('System Test'!$J:$J,"<>Kiểm thử HTTP thật bằng curl",'System Test'!$A:$A,"??-*") -> 1264 | D26: =C26-(COUNTIFS('Unit Test'!$I:$I,"Đợt 2",'Unit Test'!$G:$G,"Fail")+COUNTIFS('Integration Test'!$I:$I,"Đợt 2",'Integration Test'!$G:$G,"Fail")+COUNTIFS('System Test'!$I:$I,"Đợt 2",'System Test'!$G:$G,"Fail")) -> 1259 | E26: =C26-D26 -> 5 | F26: =IF(C26=0,0,D26/C26) -> 0.9960443 | G26: =COUNTIFS('Unit Test'!$J:$J,"<>Kiểm thử HTTP thật bằng curl",'Unit Test'!$A:$A,"??-*",'Unit Test'!$H:$H,"Pass")+COUNTIFS('Integration Test'!$J:$J,"<>Kiểm thử HTTP thật bằng curl",'Integration Test'!$A:$A,"??-*",'Integration Test'!$H:$H,"Pass")+COUNTIFS('System Test'!$J:$J,"<>Kiểm thử HTTP thật bằng curl",'System Test'!$A:$A,"??-*",'System Test'!$H:$H,"Pass") -> 1264 | H26: =IF(C26=0,0,G26/C26) -> 1
A28: Ghi chú:
A29: • Cấp kiểm thử: Unit Test kiểm thử từng lớp riêng lẻ (Mockito giả lập phụ thuộc); Integration Test chạy Controller + Service + Repository + Spring Security trên CSDL H2 qua MockMvc; System Test khởi động ứng dụng thật và gửi HTTP thật như trình duyệt.
A30: • Mỗi bộ dữ liệu của test tham số hóa (@ParameterizedTest) được tính là một test case.
A31: • Chạy lại toàn bộ: mở thư mục dự án, chạy lệnh "mvn test"; kết quả từng test case được ghi ra target/tc-results/results.tsv.
A32: • 20 test case System của đợt 1 kiểm thử thủ công bằng curl, kết quả giữ nguyên như đã ghi nhận ngày 02/10/2026.

Sheet Unit Test
A1: BỘ TEST CASE UNIT TEST – HỆ THỐNG QUẢN LÝ ĐẶT PHÒNG KHÁCH SẠN
A2: Phụ lục báo cáo BTL Công nghệ Java – Nhóm 9. Kết quả lấy từ lần chạy thật bộ test JUnit (mvn test). "Lần chạy đầu" là kết quả trước khi sửa lỗi của đợt tương ứng; "Sau khắc phục" là kết quả chạy lại toàn bộ sau khi sửa.
A4: Mã TC | B4: Module | C4: Tên test case | D4: Các bước thực hiện | E4: Dữ liệu đầu vào | F4: Kết quả mong muốn | G4: Lần chạy đầu | H4: Sau khắc phục | I4: Đợt kiểm thử | J4: Phương pháp / test tự động | K4: Người thực hiện | L4: Ngày kiểm thử
A5: UT-001 | B5: Đăng ký & Đăng nhập (Xác thực, phân quyền) | C5: Validate họ tên bỏ trống | D5: Gọi Validator.validate() trên RegisterRequest với fullName rỗng | E5: fullName="" | F5: Trả vi phạm ràng buộc @NotBlank trên field fullName | G5: Pass | H5: Pass | I5: Đợt 1 | J5: RegisterRequestValidationTest::blankFullName_isRejected | K5: Nguyễn Quốc Hoàn | L5: 02/10/2026 – 04/10/2026
A6: UT-002 | B6: Đăng ký & Đăng nhập (Xác thực, phân quyền) | C6: Validate email đúng định dạng không có lỗi | D6: Gọi validate() với toàn bộ field hợp lệ | E6: fullName/email/phone/password/confirmPassword hợp lệ | F6: Không có vi phạm ràng buộc nào | G6: Pass | H6: Pass | I6: Đợt 1 | J6: RegisterRequestValidationTest::validRequest_hasNoViolations | K6: Nguyễn Quốc Hoàn | L6: 02/10/2026 – 04/10/2026
A7: UT-003 | B7: Đăng ký & Đăng nhập (Xác thực, phân quyền) | C7: Validate email sai định dạng | D7: Gọi validate() với email không đúng định dạng | E7: email="khong-hop-le" | F7: Trả vi phạm ràng buộc @Email trên field email | G7: Pass | H7: Pass | I7: Đợt 1 | J7: RegisterRequestValidationTest::invalidEmailFormat_isRejected | K7: Nguyễn Quốc Hoàn | L7: 02/10/2026 – 04/10/2026
A8: UT-004 | B8: Đăng ký & Đăng nhập (Xác thực, phân quyền) | C8: Validate số điện thoại sai định dạng | D8: Gọi validate() với phoneNumber chứa chữ cái | E8: phoneNumber="abc123" | F8: Trả vi phạm ràng buộc @Pattern trên field phoneNumber | G8: Pass | H8: Pass | I8: Đợt 1 | J8: RegisterRequestValidationTest::invalidPhoneFormat_isRejected | K8: Nguyễn Quốc Hoàn | L8: 02/10/2026 – 04/10/2026
A9: UT-005 | B9: Đăng ký & Đăng nhập (Xác thực, phân quyền) | C9: Validate số điện thoại không bắt đầu bằng 0 | D9: Gọi validate() với phoneNumber bắt đầu bằng số khác 0 | E9: phoneNumber="1901234567" | F9: Trả vi phạm ràng buộc @Pattern (yêu cầu bắt đầu bằng 0, đủ 10 số) | G9: Pass | H9: Pass | I9: Đợt 1 | J9: RegisterRequestValidationTest::phoneNotStartingWithZero_isRejected | K9: Nguyễn Quốc Hoàn | L9: 02/10/2026 – 04/10/2026
A10: UT-006 | B10: Đăng ký & Đăng nhập (Xác thực, phân quyền) | C10: Validate mật khẩu quá ngắn | D10: Gọi validate() với password dưới 6 ký tự | E10: password="123" | F10: Trả vi phạm ràng buộc @Size(min=6) trên field password | G10: Pass | H10: Pass | I10: Đợt 1 | J10: RegisterRequestValidationTest::shortPassword_isRejected | K10: Nguyễn Quốc Hoàn | L10: 02/10/2026 – 04/10/2026
A11: UT-007 | B11: Đăng ký & Đăng nhập (Xác thực, phân quyền) | C11: Validate xác nhận mật khẩu bỏ trống | D11: Gọi validate() với confirmPassword rỗng | E11: confirmPassword="" | F11: Trả vi phạm ràng buộc @NotBlank trên field confirmPassword | G11: Pass | H11: Pass | I11: Đợt 1 | J11: RegisterRequestValidationTest::blankConfirmPassword_isRejected | K11: Nguyễn Quốc Hoàn | L11: 02/10/2026 – 04/10/2026
A12: UT-008 | B12: Đăng ký & Đăng nhập (Xác thực, phân quyền) | C12: Đăng ký với email đã tồn tại bị từ chối | D12: Gọi UserService.registerCustomer() khi userRepository.existsByEmail=true (mock) | E12: email đã tồn tại trong DB (mock) | F12: Ném BusinessException "Email này đã được đăng ký..."; không gọi save() | G12: Pass | H12: Pass | I12: Đợt 1 | J12: UserServiceTest::registerCustomer_duplicateEmail_throws | K12: Nguyễn Quốc Hoàn | L12: 02/10/2026 – 04/10/2026
A13: UT-009 | B13: Đăng ký & Đăng nhập (Xác thực, phân quyền) | C13: Đăng ký với mật khẩu xác nhận không khớp | D13: Gọi registerCustomer() khi password != confirmPassword | E13: password="Abc12345", confirmPassword="khac-mat-khau" | F13: Ném BusinessException "Mật khẩu xác nhận không khớp"; không gọi save() | G13: Pass | H13: Pass | I13: Đợt 1 | J13: UserServiceTest::registerCustomer_passwordMismatch_throws | K13: Nguyễn Quốc Hoàn | L13: 02/10/2026 – 04/10/2026
A14: UT-010 | B14: Đăng ký & Đăng nhập (Xác thực, phân quyền) | C14: Đăng ký thành công mã hoá mật khẩu & gán role CUSTOMER | D14: Gọi registerCustomer() với dữ liệu hợp lệ, mock passwordEncoder.encode() | E14: dữ liệu hợp lệ | F14: user.password là chuỗi đã mã hoá (khác chuỗi gốc); user.role=CUSTOMER | G14: Pass | H14: Pass | I14: Đợt 1 | J14: UserServiceTest::registerCustomer_success_encodesPasswordAndSetsCustomerRole | K14: Nguyễn Quốc Hoàn | L14: 02/10/2026 – 04/10/2026
A15: UT-011 | B15: Đăng ký & Đăng nhập (Xác thực, phân quyền) | C15: CustomUserDetails trả đúng quyền CUSTOMER | D15: new CustomUserDetails(user role=CUSTOMER), gọi getAuthorities() | E15: role=CUSTOMER | F15: Danh sách quyền chứa ROLE_CUSTOMER | G15: Pass | H15: Pass | I15: Đợt 1 | J15: CustomUserDetailsTest::getAuthorities_customerRole_returnsRoleCustomer | K15: Nguyễn Quốc Hoàn | L15: 02/10/2026 – 04/10/2026
... A798: UT-794 | B798: Kiểm tra dữ liệu đầu vào (DTO Validation) | C798: Combo - tên combo bỏ trống bị từ chối | D798: Tạo ComboRequest hợp lệ, để trống tên combo, gọi Validator.validate() | E798: name=[] | F798: Có vi phạm @NotBlank trên name | G798: Pass | H798: Pass | I798: Đợt 2 | J798: DtoValidationParamTest::combo_blankName_rejected | K798: Nguyễn Quốc Hoàn | L798: 04/10/2026

Sheet Integration Test
A1: BỘ TEST CASE INTEGRATION TEST – HỆ THỐNG QUẢN LÝ ĐẶT PHÒNG KHÁCH SẠN
A2: Phụ lục báo cáo BTL Công nghệ Java – Nhóm 9. Kết quả lấy từ lần chạy thật bộ test JUnit (mvn test). "Lần chạy đầu" là kết quả trước khi sửa lỗi của đợt tương ứng; "Sau khắc phục" là kết quả chạy lại toàn bộ sau khi sửa.
A4: Mã TC | B4: Module | C4: Tên test case | D4: Các bước thực hiện | E4: Dữ liệu đầu vào | F4: Kết quả mong muốn | G4: Lần chạy đầu | H4: Sau khắc phục | I4: Đợt kiểm thử | J4: Phương pháp / test tự động | K4: Người thực hiện | L4: Ngày kiểm thử
A5: IT-001 | B5: Phân quyền truy cập, xác thực & CSRF | C5: Đăng ký tài khoản mới qua controller thật | D5: POST /register với đầy đủ field hợp lệ (CSRF hợp lệ) | E5: fullName/email/phone/password/confirmPassword hợp lệ, email chưa tồn tại | F5: HTTP 302 → redirect "/login?registered=true"; có bản ghi mới trong bảng users | G5: Pass | H5: Pass | I5: Đợt 1 | J5: AuthIT::register_newAccount_redirectsToLoginWithRegisteredFlag | K5: Nguyễn Quốc Hoàn | L5: 02/10/2026 – 04/10/2026
A6: IT-002 | B6: Phân quyền truy cập, xác thực & CSRF | C6: Đăng ký với email đã tồn tại bị từ chối ở tầng controller | D6: POST /register với email đã có sẵn trong DB | E6: email đã tồn tại | F6: HTTP 200, trả lại view auth/register kèm model errorMessage; KHÔNG tạo thêm user | G6: Pass | H6: Pass | I6: Đợt 1 | J6: AuthIT::register_duplicateEmail_rendersFormWithErrorAndDoesNotCreateDuplicate | K6: Nguyễn Quốc Hoàn | L6: 02/10/2026 – 04/10/2026
A7: IT-003 | B7: Phân quyền truy cập, xác thực & CSRF | C7: Đăng ký với mật khẩu xác nhận không khớp bị chặn bởi validation | D7: POST /register với confirmPassword khác password | E7: password/confirmPassword khác nhau | F7: HTTP 200, ở lại view đăng ký; KHÔNG tạo user mới trong DB | G7: Pass | H7: Pass | I7: Đợt 1 | J7: AuthIT::register_passwordMismatch_rejectedByValidation | K7: Nguyễn Quốc Hoàn | L7: 02/10/2026 – 04/10/2026
A8: IT-004 | B8: Phân quyền truy cập, xác thực & CSRF | C8: Đăng nhập cổng khách hàng đúng mật khẩu | D8: POST /login với username/password đúng của tài khoản CUSTOMER | E8: tài khoản CUSTOMER hợp lệ | F8: HTTP 302 → redirect "/customer/rooms" | G8: Pass | H8: Pass | I8: Đợt 1 | J8: AuthIT::login_customerCorrectCredentials_redirectsToRoomsList | K8: Nguyễn Quốc Hoàn | L8: 02/10/2026 – 04/10/2026
A9: IT-005 | B9: Phân quyền truy cập, xác thực & CSRF | C9: Đăng nhập sai mật khẩu | D9: POST /login với mật khẩu sai | E9: email đúng, password sai | F9: HTTP 302 → redirect "/login?error=true" | G9: Pass | H9: Pass | I9: Đợt 1 | J9: AuthIT::login_wrongPassword_redirectsToLoginError | K9: Nguyễn Quốc Hoàn | L9: 02/10/2026 – 04/10/2026
A10: IT-006 | B10: Phân quyền truy cập, xác thực & CSRF | C10: Tài khoản Admin đăng nhập nhầm cổng khách hàng bị chặn | D10: POST /login (cổng khách hàng) bằng tài khoản admin@hotel.com | E10: role=ADMIN đăng nhập ở /login | F10: HTTP 302 → redirect "/login?error=wrong_portal" | G10: Pass | H10: Pass | I10: Đợt 1 | J10: AuthIT::login_adminAccountOnCustomerPortal_blockedAsWrongPortal | K10: Nguyễn Quốc Hoàn | L10: 02/10/2026 – 04/10/2026
A11: IT-007 | B11: Phân quyền truy cập, xác thực & CSRF | C11: Tài khoản Staff đăng nhập đúng cổng quản trị | D11: POST /admin/login bằng tài khoản staff@hotel.com | E11: role=STAFF | F11: HTTP 302 → redirect "/admin/dashboard" | G11: Pass | H11: Pass | I11: Đợt 1 | J11: AuthIT::adminLogin_staffAccount_redirectsToDashboard | K11: Nguyễn Quốc Hoàn | L11: 02/10/2026 – 04/10/2026
A12: IT-008 | B12: Phân quyền truy cập, xác thực & CSRF | C12: Tài khoản khách hàng đăng nhập nhầm cổng quản trị bị chặn | D12: POST /admin/login bằng tài khoản CUSTOMER | E12: role=CUSTOMER đăng nhập ở /admin/login | F12: HTTP 302 → redirect "/admin?error=wrong_portal" | G12: Pass | H12: Pass | I12: Đợt 1 | J12: AuthIT::adminLogin_customerAccount_blockedAsWrongPortal | K12: Nguyễn Quốc Hoàn | L12: 02/10/2026 – 04/10/2026
A13: IT-009 | B13: Phân quyền truy cập, xác thực & CSRF | C13: Chặn truy cập lịch sử đặt phòng khi chưa đăng nhập | D13: GET /customer/bookings không có session | E13: chưa đăng nhập | F13: HTTP 302 → redirect chứa "/login" | G13: Pass | H13: Pass | I13: Đợt 1 | J13: AuthIT::anonymousAccessToBookingHistory_redirectsToLogin | K13: Nguyễn Quốc Hoàn | L13: 02/10/2026 – 04/10/2026
A14: IT-010 | B14: Phân quyền truy cập, xác thực & CSRF | C14: Chặn truy cập dashboard quản trị khi chưa đăng nhập | D14: GET /admin/dashboard không có session | E14: chưa đăng nhập | F14: HTTP 302 → redirect chứa "/admin" | G14: Pass | H14: Pass | I14: Đợt 1 | J14: AuthIT::anonymousAccessToAdminDashboard_redirectsToAdminLogin | K14: Nguyễn Quốc Hoàn | L14: 02/10/2026 – 04/10/2026
A15: IT-011 | B15: Phân quyền truy cập, xác thực & CSRF | C15: Chặn POST thiếu CSRF token | D15: Gửi POST tới endpoint thay đổi dữ liệu nhưng KHÔNG kèm CSRF token (vai trò ADMIN) | E15: POST /register không có _csrf | F15: 403 Forbidden, dữ liệu không đổi | G15: Pass | H15: Pass | I15: Đợt 2 | J15: SecurityAccessMatrixIT::csrfRequired | K15: Nguyễn Quốc Hoàn | L15: 04/10/2026
... A344: IT-340 | B344: Quản trị: vòng đời đơn, phòng, danh mục, khách hàng | C344: Đặt phòng tại quầy 3 đêm, combo = true | D344: Nhân viên POST /admin/bookings/walk-in/new với thông tin khách vãng lai, đọc đơn vừa tạo | E344: khách vãng lai, 3 đêm | F344: Đơn CONFIRMED, không bật cờ đơn mới, tổng tiền = 1099000 | G344: Pass | H344: Pass | I344: Đợt 2 | J344: AdminOperationsParamIT::walkInCreatesConfirmed | K344: Nguyễn Quốc Hoàn | L344: 04/10/2026

Sheet System Test
A1: BỘ TEST CASE SYSTEM TEST – HỆ THỐNG QUẢN LÝ ĐẶT PHÒNG KHÁCH SẠN
A2: Phụ lục báo cáo BTL Công nghệ Java – Nhóm 9. Kết quả lấy từ lần chạy thật bộ test JUnit (mvn test). "Lần chạy đầu" là kết quả trước khi sửa lỗi của đợt tương ứng; "Sau khắc phục" là kết quả chạy lại toàn bộ sau khi sửa.
A4: Mã TC | B4: Module | C4: Tên test case | D4: Các bước thực hiện | E4: Dữ liệu đầu vào | F4: Kết quả mong muốn | G4: Lần chạy đầu | H4: Sau khắc phục | I4: Đợt kiểm thử | J4: Phương pháp / test tự động | K4: Người thực hiện | L4: Ngày kiểm thử
A5: ST-001 | B5: Giao diện, điều hướng & xử lý lỗi | C5: Trang chủ tải đúng nội dung | D5: Mở trình duyệt (curl), truy cập GET / | E5: — | F5: HTTP 200; hiển thị đúng tiêu đề "Hệ thống quản lý đặt phòng khách sạn" | G5: Pass | H5: Pass | I5: Đợt 1 | J5: Kiểm thử HTTP thật bằng curl | K5: Nguyễn Quốc Hoàn | L5: 02/10/2026
A6: ST-002 | B6: Giao diện, điều hướng & xử lý lỗi | C6: Trang danh sách phòng công khai tải đúng nội dung | D6: GET /rooms | E6: — | F6: HTTP 200; hiển thị đúng tiêu đề "Danh sách phòng" | G6: Pass | H6: Pass | I6: Đợt 1 | J6: Kiểm thử HTTP thật bằng curl | K6: Nguyễn Quốc Hoàn | L6: 02/10/2026
A7: ST-003 | B7: Giao diện, điều hướng & xử lý lỗi | C7: Trang đăng nhập khách hàng hiển thị đúng form | D7: GET /login | E7: — | F7: HTTP 200; hiển thị "Chào mừng trở lại" và form đăng nhập | G7: Pass | H7: Pass | I7: Đợt 1 | J7: Kiểm thử HTTP thật bằng curl | K7: Nguyễn Quốc Hoàn | L7: 02/10/2026
A8: ST-004 | B8: Giao diện, điều hướng & xử lý lỗi | C8: Trang đăng ký hiển thị đúng form | D8: GET /register | E8: — | F8: HTTP 200; hiển thị form đăng ký tài khoản | G8: Pass | H8: Pass | I8: Đợt 1 | J8: Kiểm thử HTTP thật bằng curl | K8: Nguyễn Quốc Hoàn | L8: 02/10/2026
A9: ST-005 | B9: Giao diện, điều hướng & xử lý lỗi | C9: Trang đăng nhập quản trị tải được | D9: GET /admin | E9: — | F9: HTTP 200 | G9: Pass | H9: Pass | I9: Đợt 1 | J9: Kiểm thử HTTP thật bằng curl | K9: Nguyễn Quốc Hoàn | L9: 02/10/2026
A10: ST-006 | B10: Giao diện, điều hướng & xử lý lỗi | C10: Trang tìm phòng phía khách không bắt đăng nhập | D10: GET /customer/rooms khi chưa đăng nhập | E10: chưa đăng nhập | F10: HTTP 200 (không bị chuyển hướng về trang đăng nhập) | G10: Pass | H10: Pass | I10: Đợt 1 | J10: Kiểm thử HTTP thật bằng curl | K10: Nguyễn Quốc Hoàn | L10: 02/10/2026
A11: ST-007 | B11: Giao diện, điều hướng & xử lý lỗi | C11: Chặn truy cập lịch sử đặt phòng khi chưa đăng nhập | D11: GET /customer/bookings khi chưa đăng nhập | E11: chưa đăng nhập | F11: Redirect (302) tới trang có chứa "/login" | G11: Pass | H11: Pass | I11: Đợt 1 | J11: Kiểm thử HTTP thật bằng curl | K11: Nguyễn Quốc Hoàn | L11: 02/10/2026
A12: ST-008 | B12: Giao diện, điều hướng & xử lý lỗi | C12: Chặn truy cập dashboard quản trị khi chưa đăng nhập | D12: GET /admin/dashboard khi chưa đăng nhập | E12: chưa đăng nhập | F12: Redirect (302) tới trang có chứa "/admin" | G12: Pass | H12: Pass | I12: Đợt 1 | J12: Kiểm thử HTTP thật bằng curl | K12: Nguyễn Quốc Hoàn | L12: 02/10/2026
A13: ST-009 | B13: Giao diện, điều hướng & xử lý lỗi | C13: Xem phòng không tồn tại không còn trả lỗi máy chủ | D13: GET /customer/rooms/999999 (id chắc chắn không tồn tại) | E13: id không tồn tại | F13: Không trả 500; hiển thị trang thông báo "Không tìm thấy..." thân thiện | G13: Pass | H13: Pass | I13: Đợt 1 | J13: Kiểm thử HTTP thật bằng curl | K13: Nguyễn Quốc Hoàn | L13: 02/10/2026
A14: ST-010 | B14: Giao diện, điều hướng & xử lý lỗi | C14: Footer hiển thị đúng trên trang chủ | D14: Quan sát HTML trả về của GET / | E14: — | F14: Có đúng thông tin bản quyền "Booking-Hotel" ở footer | G14: Pass | H14: Pass | I14: Đợt 1 | J14: Kiểm thử HTTP thật bằng curl | K14: Nguyễn Quốc Hoàn | L14: 02/10/2026
A15: ST-011 | B15: Giao diện, điều hướng & xử lý lỗi | C15: Trang danh sách phòng phải tải trọn vẹn tới hết footer cho khách lần đầu ghé thăm | D15: Khách CHƯA từng có session (không cookie) mở thẳng GET /rooms — trang có nhiều CSS/JS nhúng trước khi tới đoạn chatbot-widget đọc "_csrf.token" ở cuối trang | E15: khách hoàn toàn mới (chưa có JSESSIONID) | F15: Trang phải tải trọn vẹn, có đủ phần footer dùng chung với trang chủ (không bị cắt ngang giữa chừng) | G15: Fail | H15: Pass | I15: Đợt 1 | J15: Kiểm thử HTTP thật bằng curl | K15: Nguyễn Quốc Hoàn | L15: 02/10/2026
... A154: ST-150 | B154: Kịch bản đầu-cuối: đặt phòng → xác nhận → check-in → check-out | C154: Combo bị ẩn biến mất phía khách | D154: Quản trị viên ẩn combo Lẩu Hành Trình, khách mở lại trang chi tiết phòng | E154: POST /admin/combos/<id>/toggle-active rồi GET trang chi tiết phòng | F154: Không còn "Lẩu Hành Trình" trong danh sách chọn combo | G154: Pass | H154: Pass | I154: Đợt 2 | J154: SystemJourneyST::s23_hideCombo | K154: Nguyễn Quốc Hoàn | L154: 04/10/2026

Sheet Danh sách lỗi
A1: DANH SÁCH LỖI PHÁT HIỆN TRONG QUÁ TRÌNH KIỂM THỬ
A2: Tất cả lỗi đã được khắc phục và kiểm chứng lại bằng chính các test case phát hiện ra lỗi.
A4: Mã lỗi | B4: Mô tả lỗi | C4: Phát hiện bởi test case | D4: Nguyên nhân | E4: Cách khắc phục | F4: Đợt | G4: Trạng thái
A5: BUG-01 | B5: Form mã giảm giá cho phép lưu mã giảm theo phần trăm lớn hơn 100% (ví dụ "giảm 150%"). | C5: UT-366 | D5: DiscountCodeRequest không có ràng buộc giới hạn giá trị phần trăm. | E5: Thêm @AssertTrue isDiscountValueValid() vào DiscountCodeRequest: mã loại PERCENTAGE phải có giá trị ≤ 100. | F5: Đợt 1 | G5: Đã khắc phục
A6: BUG-02 | B6: Mở chi tiết phòng/đơn với id không tồn tại, hoặc xem đơn của người khác, ứng dụng trả trang lỗi máy chủ 500. | C6: IT-123, IT-127 | D6: BusinessException ném ra từ Service không được bắt ở Controller, hệ thống chưa có xử lý lỗi tập trung. | E6: Thêm @ControllerAdvice GlobalExceptionHandler bắt BusinessException, trả trang error/business-error.html (HTTP 404) thân thiện. | F6: Đợt 1 | G6: Đã khắc phục
A7: BUG-03 | B7: Tạo mã giảm giá trùng nhưng khác chữ hoa/thường ("duptest" và "DUPTEST") lọt qua kiểm tra, gây lỗi 500. | C7: UT-357, IT-136 | D7: existsByCode() so sánh trên chuỗi chưa chuẩn hóa trong khi mã luôn được lưu dạng chữ hoa; lỗi vỡ ở ràng buộc UNIQUE của CSDL. | E7: DiscountCodeService.create()/update(): chuẩn hóa mã về chữ hoa trước khi kiểm tra trùng. | F7: Đợt 1 | G7: Đã khắc phục
A8: BUG-04 | B8: Khách ghé thăm lần đầu mở trang danh sách phòng bị cắt ngang giữa chừng (mất phần footer). | C8: ST-011 | D8: CSRF token chỉ được tạo khi fragment chatbot đọc _csrf.token ở cuối trang, lúc response đã được gửi đi nên không tạo được phiên mới. | E8: Thêm filter csrfTokenEagerLoadFilter ngay sau CsrfFilter trong cả 2 SecurityFilterChain để tạo token từ đầu request. | F8: Đợt 1 | G8: Đã khắc phục
A9: BUG-05 | B9: Nhân viên đang đặt phòng tại quầy, bấm logo "Hotel Booking" hoặc "Danh sách phòng" trên header thì bị chuyển sang giao diện khách hàng. | C9: Phát hiện khi dùng thử; kiểm chứng bằng ST-012 … ST-017 (6 TC) | D9: Header dùng chung cho mọi trang, các liên kết luôn trỏ về trang của khách hàng (/ và /rooms). | E9: fragments/header.html: với ADMIN/STAFF, logo trỏ /admin/dashboard và "Danh sách phòng" trỏ /admin/rooms; thêm liên kết "Quay lại" trên form đặt phòng tại quầy. | F9: Đợt 2 | G9: Đã khắc phục
A10: BUG-06 | B10: Khách gõ mã giảm giá chữ thường ("sale10"): nút "Kiểm tra mã" báo không hợp lệ, nhưng bấm "Xác nhận đặt phòng" thì mã vẫn được giảm. | C10: IT-230 | D10: DiscountCodeService.validateAndCalculateDiscount() tra cứu mã nguyên văn, còn BookingService.createBooking() có chuẩn hóa chữ hoa. | E10: Chuẩn hóa mã (trim + chữ hoa) trong validateAndCalculateDiscount() giống BookingService. | F10: Đợt 2 | G10: Đã khắc phục
A11: BUG-07 | B11: Footer của mọi trang quản trị vẫn có liên kết "Trang chủ", "Danh sách phòng" dẫn nhân viên sang giao diện khách hàng. | C11: ST-025 … ST-028 (4 TC) | D11: Footer dùng chung, chưa phân biệt vai trò người xem (cùng nguyên nhân với BUG-05). | E11: fragments/footer.html: với ADMIN/STAFF hiển thị liên kết Tổng quan, Đặt phòng, Phòng trong khu quản trị. | F11: Đợt 2 | G11: Đã khắc phục
A12: CFG-01 | B12: Lệnh "mvn test" không chạy các lớp Integration test (*IT) đã viết ở đợt 1. | C12: Phát hiện khi chạy toàn bộ bộ test đợt 2 | D12: Maven Surefire mặc định chỉ chạy các lớp có tên *Test. | E12: Cấu hình maven-surefire-plugin trong pom.xml chạy cả các lớp *Test.java, *IT.java, *ST.java. | F12: Đợt 2 | G12: Đã khắc phục
